STATUS,Main Code,PLZ,ORT,STR,Telefon,Telefon Intern,E Mail,Main Typ,Stationsname,Manager,Bundesland,ID Checker,Switch,Port,IT Kommentar,TSR REMARKS,SN-PC,SN-SC,TV-ID,,PP,SW,FW,PP,SW
READY,BERN03,16321,BERNAU BEI BERLIN,SCHWANEBECKER CHAUSSEE 12,+49 (3338) 704099,,destBERN03@europcar.com,A,BERNAU BEI BERLIN,Fibich & Scholz GbR,BB,1,Switch voll,,,Connected to Noname Switch and labeled,,201728 00606,,,Direct,1,,,
READY,BERT01,12529,BERLIN,FLUGHAFEN BERLIN BRANDENBURG,+49 (3063) 49160,,destBERT01@europcar.com,CAP,BERLIN   BRANDENBURG AIRPORT -IKC-,Sascha Seelhoff,BB,2,ECARBERT01AZS01,7 +12,ok,,,,,,B13,7,,C4,21
READY,CBUC02,3050,COTTBUS,DRESDENER STR 18,+49 (355) 478570,,destCBUC02@europcar.com,A,COTTBUS,Marvin Paethe,BB,1,ECARCBUC02AZS02,4,,,,,,,,,,,
READY,EBXC02,16225,EBERSWALDE,BREITE STR. 144,+49 (3334) 289055,,destEBXC02@europcar.com,A,EBERSWALDE,Wilmerstaedt und Buchwald Autovermietung GbR,BB,1,ECAREBXC02AZS01,1,,,,,,,,,,,
READY,XXPC02,14467,POTSDAM,LANGE BRUECKE 6,+49 (331) 298240,,destXXPC02@europcar.com,C,POTSDAM,Lars Pantel,BB,1,ECARXXPC02AZS01,20,,,,,,,A5,20,,,
READY,BERC01,10787,BERLIN,KURFUERSTENSTR. 101,+49 (30) 2350640,,destBERC01@europcar.com,C,BERLIN  CITY WEST -IKC-,Andreas Krohn,BE,1,ECARBERC01AZS01,4,,,47714571453,201734 00745,,,,,,,
READY,BERC02,10178,BERLIN,ALEXANDERPLATZ 8,+49 (30) 2407900,,destBERC02@europcar.com,C,BERLIN  ALEXANDERPLATZ 24H NO TRUCK,Jens Georgi,BE,2,ECARBERC02AZS01,7 + 8,,,,,,,,,,,
READY,BERE01,10365,BERLIN,SIEGFRIEDSTR. 64,+49 (30) 5577430,,destBERE01@europcar.com,CSS,BERLIN VAN TRUCK CARS IKC,Sven Bartsch,BE,1,ECARBERE01AZZ01,2,,,,,,,A17,2,,,
READY,BERE02,12489,BERLIN,RUDOWER CHAUSSEE 25,+49 (30) 67825911,,destBERE02@europcar.com,A,BERLIN  SOUTHEAST ADLERSHOF -IKC-,Uwe Kowalski,BE,1,ECARBERE02AZS01,1,,"No Rack, No Ports, no cables",,,,,Direct,,,,
READY,BERE03,12627,BERLIN,FRITZ-LANG-PLATZ 6,+49 (30) 99275827,,destBERE03@europcar.com,A,BERLIN HELLERSDORF NO TRUCKS IKC,Uwe Kowalski,BE,1,ECARBERE03AZZ01,2,,No Rack, , ,,,Direct,6,,,
READY,BERL01,10557,BERLIN,EUROPAPLATZ 1,+49 (30) 20624600,,destBERL01@europcar.com,CRR,BERLIN   HAUPTBAHNHOF -IKC-,Angelika Fricke,BE,1,ECARBERL01AZS01,15,,,,,,,A4,15,,,
READY,BERN01,13405,BERLIN,KAPWEG 4,+49 (30) 4548920,,destBERN01@europcar.com,C,BERLIN NORTH REINICKENDORF -IKC-,Vincent Eichhorst,BE,1,ECARBERN01AZS01,1,"steckt derzeit am Router, muss umgesteckt werden",All Switches Full with Link Activity / connected on Port 5 FW,,,,,A22,,5,,
READY,BERW04,13597,BERLIN,SEEGEFELDER STR. 16,+49 (30) 3539500,,destBERW04@europcar.com,A,BERLIN SPANDAU,Torsten Pohl,BE,1,ECARBERW01AZS01,1,,,,201820 00661,,,4,1,,,
READY,FDHC02,88045,FRIEDRICHSHAFEN,EUGENSTR. 47,+49 (7541) 23053,,destFDHC02@europcar.com,C,FRIEDRICHSHAFEN CITY -IKC-,Anja Albrecht,BW,1,ECARFDHC02AZS02,5,,,,201737 01611,,,A15,5,,,
READY,FKBC01,76227,KARLSRUHE,OTTOSTR. 18,+49 (721) 931550,,destFKBC01@europcar.com,C,KARLSRUHE TILL 10PM,Dominik Schmid,BW,2,ECARFKBC01AZS01,4 + 5,beide ok,1 Tablet geht nicht an. Ausgetauscht mit Tablet vom Flughafen,,,,,,,,,
KEIN IDCHECKER,FKBN02,76646,BRUCHSAL,CHRISTIAN PAEHR STR 4,+49 (7251) 9297592,,destFKBN02@europcar.com,A,BRUCHSAL *NO TRUCKS*,Euroline GmbH & Co. KG,BW,0,kein Switch vorhanden,,tatsächlich 2023 zurückgeschickt bei Schließung alter 6LC,,,,,,,,,,
READY,FKBS02,76275,ETTLINGEN,SCHOELLBRONNER STR. 9-11,+49 (7243) 21990,,destFKBS02@europcar.com,A,ETTLINGEN,,BW,1,ECARFKBS02AZS01,2,,Switch Full,,,,,Direct,2,,,
READY,FKBT01,77836,RHEINMUENSTER,HALIFAX AVENUE 420B,+49 (7229) 665634,,destFKBT01@europcar.com,CA,BADEN AIRPARK,Swetlana Bogatyrev,BW,1,ECARFKBT01AZS02,6,"ok, haben nur 3 FO Counter, da reicht 1 ID Checker",2.IDchecker abgebaut und für andere Location mitgenommen,,201743 00690,,,10,6,,,
READY,GOXC01,73037,GOEPPINGEN,ULMER STR. 42,+49 (7161) 963650,,destGOXC01@europcar.com,C,GOEPPINGEN,Carmen Mader,BW,1,ECARGOXC01AZS02,4,ok,,,,,,8,,,,
READY,HDBC01,69115,HEIDELBERG,BERGHEIMER STR. 159,+49 (6221) 53990,,destHDBC01@europcar.com,C,HEIDELBERG,Jasmina Qasem,BW,1,Switch voll,,,,,,,,C2,,,,
READY,HLEC01,74080,HEILBRONN,ALBERT-SCHAEFFLER-STR. 2,+49 (7131) 62110,,destHLEC01@europcar.com,C,HEILBRONN TILL 10PM,Ciprian Habel,BW,1,Switch voll,,steckt am MX,,,,,,,,,,
READY,LHAN01,77652,OFFENBURG,OKENSTR 76A,+49 (781) 96669210,,destLHAN01@europcar.com,C,OFFENBURG CITY,Adriano Mariniello,BW,1,BBLHAN01AZS01,18,ok,,15076280153,201820 00655,,,,,,,
READY,LLBC01,71634,LUDWIGSBURG,HEILBRONNER STR. 20,+49 (7141) 44260,,destLLBC01@europcar.com,C,LUDWIGSBURG,Melanie Klein,BW,1,ECARLLBC01AZS01,9,,No Tablet Onsite. Using new spare one,,201737 01607,,,A2,9,,,
READY,MHGC01,68309,MANNHEIM,ROLLBUEHLSTR. 91-93,+49 (621) 728230,,destMHGC01@europcar.com,C,MANNHEIM KAEFERTAL,Carolin Ahlers,BW,1,ECARMHGC01AZS01,12,,,,,,,B4,12,,,
READY,MHGC02,68199,MANNHEIM,NECKARAUER STR. 50-52,+49 (621) 842370,,destMHGC02@europcar.com,C,MANNHEIM  SOUTH NECKARAU,Maximilian Kempf,BW,1,ECARMHGC02AZS01,11,,,,,,,C1,11,,,
READY,QEIC01,74564,CRAILSHEIM,HALLER STR  208,+49 (7951) 295920,,destQEIC01@europcar.com,A,CRAILSHEIM  NO TRUCKS,Linda Nguyen & Viktor Frank GbR,BW,1,ECARQEIC01AZS01,6,,,,,,,16,,6,,
READY,QFBC01,79115,FREIBURG,LOERRACHER STR. 10,+49 (761) 515100,,destQFBC01@europcar.com,C,FREIBURG IM BREISGAU,Tina Huetter,BW,1,ECARQFBC01AZS01,7 (ja) + 8 (nein),für 4 Frontoffice werden 2 ID Checker gebraucht?,Nur 1 x IDChecker vorhanden. Info von Mitarbeitern,46429381453,201840 00009,,,29,,,,
READY,QFBS02,79540,LOERRACH,WIESENTALSTR. 24,+49 (7621) 162740,,destQFBS02@europcar.com,C,LOERRACH,Fatih Ceri,BW,1,ECARQFBS02AZS01,4,,,47917771453,201743 00695,,,A11,4,,,
READY,QKZC01,78467,KONSTANZ,REICHENAUSTR. 184,+49 (7531) 52833,,destQKZC01@europcar.com,A,KONSTANZ,Markus Kleber,BW,1,ECARQKZC01AZS01,5,,,,,,,,,,,
READY,QKZN03,72488,SIGMARINGEN,IN DEN BURGWIESEN 20,+49 (7571) 74470,,destQKZN03@europcar.com,A,SIGMARINGEN,Orhan Yilmaz,BW,1,BBQKZN03ZAZS01,20,ok,,,,,,,,,,
READY,QULC01,89081,ULM,JAEGERSTR 35,+49 (731) 968460,,destQULC01@europcar.com,C,ULM / DONAU,Jens Kreutzberger,BW,1,ECARQULC01AZS01,20,,,,201840 00023,,,A3,20,,,
READY,QULW02,89520,HEIDENHEIM,SIEMENSSTR 70,+49 (7321) 40170,,destQULW02@europcar.com,A,HEIDENHEIM,SL carEmotions GmbH,BW,1,BBQULW02AZS01,20,steckt auf Port 18 und muss auf Port 20,,,,,,,,,,
READY,RULC01,72766,REUTLINGEN,STUTTGARTER STR. 8,+49 (7121) 94930,,destRULC01@europcar.com,C,REUTLINGEN,Manuel Stuhli,BW,1,ECARRULC01AZS01,10,,,,,,,B16,16,,,
READY,SGYC01,78224,SINGEN,GUETERSTR 31,+49 (7731) 87790,,destSGYC01@europcar.com,C,SINGEN,Jan Patrick Junker,BW,1,ECARSGYC01AZS01,5,,,,,,,A13,,,,
READY,STRC03,70173,STUTTGART,KRONENSTR. 17,+49 (711) 22446330,,deststrc03@europcar.com,C,STUTTGART CITY IKC,Katarzyna Cetin,BW,1,ECARSTRC03AZS01,22,ok - Laut STRC03 verbindet sich das Tablett NICHT mit dem Scanner. ,,,,,,,,,,
READY,STRE02,71332,WAIBLINGEN,DEVIZESSTR. 18,+49 (7151) 95360,,destSTRE02@europcar.com,C,WAIBLINGEN,Mario Scandale,BW,1,ECARSTRE02AZS01,7,TSR steckt am Router MX (Port 6) und muss an Switchport 7,IDChecker zu Switchport 7 gewechselt,,,,,2,7,,,
READY,STRL01,70173,STUTTGART,AM HAUPTBAHNHOF 2,+49 (711) 2244630,,destSTRL01@europcar.com,CRR,STUTTGART  MAINSTATION -IKC-,Katarzyna Cetin,BW,1,ECARSTRL01AZS01,4,ok,,,,,,,,,,
READY,STRN01,70435,STUTTGART,LUDWIGSBURGER STR. 13,+49 (711) 9879390,,destSTRN01@europcar.com,C,STUTTGART  ZUFFENHAUSEN -IKC-,Romeo Stuhli,BW,1,ECARSTRN01AZS01,4,ok,,,,,,A5,,,,
READY,STRS03,71065,SINDELFINGEN,BOEBLINGER STR 134,+49 (7031) 794860,,DESTSTRS03@europcar.com,C,SINDELFINGEN,Konstantina Sourlas,BW,1,ECARSTRS03AZS01,16,TSR muss von Port 4 auf Port 16 umgesteckt werden,Umgepatched,,,,,13,16,,,
READY / FLICKERING STRT01-02,STRT01,70629,STUTTGART,FLUGHAFENSTR.,+49 (711) 9499010,24,destSTRT01@europcar.com,CAP,STUTTGART   AIRPORT -IKC-,Hartmut Wiggers,BW,2,ECARSTRT01AZS02,15 + 16,TSR stecken am MX auf Port 4+7 und müssen umgesteckt werden,Neuer LM,,,,,,,,,
READY,STRW01,70563,STUTTGART,HAUPTSTR. 189 B,+49 (711) 4894490,,destSTRW01@europcar.com,CSS,STUTTGART TILL 12AM US MILITARY,Iwana Dvanajscak,BW,1,ECARSTRW01AZS01,21,ok,"Switch Full, Connected to Firewall",,,,,,21,,,
READY,TFGC01,72070,TUEBINGEN,ROSENTALSTR. 8-12,+49 (7071) 13370,,destTFGC01@europcar.com,C,TUEBINGEN,Fritz Necker,BW,1,ECARTFGC01AZS01,18,,FW Port 8 Move to SW Port 18,,,,,A8,18,,,
READY,UPFC01,75179,PFORZHEIM,MANNHEIMER STR. 19,+49 (7231) 313535,,destUPFC01@europcar.com,A,PFORZHEIM,Martina Wohlgemuth,BW,1,ECARUPFC01AZS01,4,,,,,,,,,,,
READY,ZCCC01,76532,BADEN-BADEN,SINZHEIMER STR. 79 A,+49 (7221) 50660,,destZCCC01@europcar.com,C,BADEN-BADEN,Swetlana Bogatyrev,BW,2,Switch voll,,zu Prüfen,,,,,,,,,,
READY,ZEBC02,73730,ESSLINGEN,SCHORNDORFER STR. 14,+49 (7119) 392170,,destZEBC02@europcar.com,A,ESSLINGEN,Stephan Anger,BW,1,ECARZEBC02AZS01,2,,,,,,,,,,,
READY,ZQLC01,78052,VILLINGEN-SCHWENNINGEN,UTZENBUEHL 19,+49 (7721) 9968690,,destzqlc01@europcar.com,A,VILLINGEN-SCHWENNINGEN,Armin Mossmaier,BW,1,Switch voll,,,Allnet Gigabit Switch Port 5 for IDChecker,,,,,,,,,
READY,ZRWC02,76437,RASTATT,IM WOEHR 3,+49 (7222) 156830,,destZRWC02@europcar.com,A,RASTATT,Euroline GmbH & Co. KG,BW,1,ECARZRWC02AZS01,2,,"No Switch, No Patchpanel, just Firewall Port3",,,,,,,3,,
READY,AGBC02,86165,AUGSBURG,ZUGSPITZSTR 187,+49 (405) 20188000,,destAGBC02@europcar.com,C,AUGSBURG LECHHAUSEN,Alexander Baur,BY,1,BBAGBC02AZS01,7,,,,,,,A9,5,,,
READY,BYUC01,95448,BAYREUTH,ALBRECHT-DUERER-STR. 3,+49 (921) 726360,,destBYUC01@europcar.com,C,BAYREUTH,Philipp Thoma,BY,1,PO Switch,,müsste am PO Switch angesteckt werden,No Desko Scanner available / Switch Ful,,,,,B10,,7,,
READY,ERLC01,91052,ERLANGEN,HILPERTSTR. 29,+49 (9131) 90360,,destERLC01@europcar.com,C,ERLANGEN,Eda Oezdemir,BY,1,ECARERLC01AZS01,23,ok,,,,,,A10,,,,
READY,FMMS01,87437,KEMPTEN,BLEICHERSTR 4,+49 (831) 5402580,,destFMMS01@europcar.com,C,KEMPTEN,Daniel Siegfanz,BY,1,BBFMMS01AZS01,20,,,,,,,A15,20,,,
READY,FMMT01,87766,MEMMINGERBERG,AM FLUGHAFEN 42,+49 (8331) 9250860,,destFMMT01@europcar.com,C,MEMMINGEN AIRPORT,Alexander Baur,BY,1,ECARFMMT01AZS01,6,ok,,,,,,Direct,6,,,
READY,FUHC01,90765,FUERTH,HANS-VOGEL-STR. 134,+49 (911) 7905775,,destFUHC01@europcar.com,A,FUERTH,Christa Guenther GmbH,BY,1,ECARFUHC01AZS02,5,,,,,,,Direct,5,,,
READY,MUCC01,80335,MUENCHEN,MARSSTR. 24,+49 (89) 54543990,,destMUCC01@europcar.com,C,MUNICH CITY TILL 12AM NO TRUCKS IKC,Sebastian Behringer,BY,2,ECARMUCC01AZS01,18,,,,,,,,,,,
READY,MUCE02,81825,MUENCHEN,BAJUWARENSTR. 118,+49 (89) 9220910,,destMUCE02@europcar.com,C,MUNICH EAST *NO TRUCKS*,Andreas Dracopoulos,BY,1,ECARMUCE02AZS01,19,2.IDChecker mitgenommen,,,,,,A7,19,,,
READY,MUCN01,80807,MUENCHEN,INGOLSTAEDTER STR. 43,+49 (89) 1490970,,destMUCN01@europcar.com,C,MUNICH TILL 12AM *NO TRUCKS*,Frank Wannersdorfer,BY,1,ECARMUCN01AZS01,21,,Switch Full / Connected on Switch2 Port 2,,,,,42,2,,,
READY,MUCN25,80939,MUENCHEN,INGOLSTAEDTER STR. 172-180,+49 (89) 37061760,,destMUCN25@europcar.com,CSS,MUNICH ONLY VAN & TRUCK IKC,Frank Wannersdorfer,BY,1,ECARMUCN25AZS01,21,ok,"Schließung Ende September, Info Rücksendung an TSR verschickt",,,,,A6,21,,,
CLOSING 31.07.2025,MUCS01,81549,MUENCHEN,CHIEMGAUSTR. 161,+49 (89) 6208080,,destMUCS01@europcar.com,C,MUNICH SOUTH *NO TRUCKS* IKC,Allen Skenderi,BY,0,ECARMUCS01ZS01,20,Schließt 31.7.2025!!!!!!,2 Geräte bei uns angekommen,,,,,,,,,
READY,MUCT01,85356,MUENCHEN FLUGHAFEN,TERMINALSTR. MITTE,+49 (8997) 35020,,destMUCT01@europcar.com,CAP,MUNICH AIRPORT -IKC-,Robert Moik,BY,4,ECARMUCT01AZS02,"5, 14, 17, 13, 19",1 TSR steckt am 48p Switch an 31 und muss umgesteckt werden,4 IDChecker vorhanden,,,,,,,,,
READY,NUES01,90461,NUERNBERG,FRANKENSTR. 100,+49 (911) 214930,,destNUES01@europcar.com,C,NUREMBERG SOUTH TILL 12AM -IKC-,Tobias Mohr,BY,1,ECARNUES01AZS01,13,,,,,,,A7,13,,,
READY,NUET01,90411,NUERNBERG,FLUGHAFENSTR. 100,+49 (911) 365290,,destNUET01@europcar.com,C,NUREMBERG   AIRPORT -IKC-,Andrea Gress,BY,1,ECARNUET01AZS01,16,,,,,,,A23,16,,,
READY,NUEW01,90431,NUERNBERG,EDISONSTR 23,+49 (911) 60066910,,destNUEW01@europcar.com,CSS,NUREMBERG VAN & TRUCK CARS IKC,Robert Lachmann,BY,1,BBNUEW01AZS01,8,,,,,,,A9,8,,,
READY,OBFS01,81379,MUENCHEN,BOSCHETSRIEDER STR. 46,+49 (89) 74493620,,destOBFS01@europcar.com,C,MUNICH SOUTH SENDLING TILL 10PM,Lars Heise,BY,1,BBOBFS01AZS01,10,ok,,,,,,,,,,
READY,OBFW01,81241,MUENCHEN,LORTZINGSTR 22,+49 (89) 8966620,,destOBFW01@europcar.com,C,MUNICH PASING OBERMENZING,Locationmanager,BY,1,BBOBFW01AZS01,5,,,,,,,1.19,5,,,
READY,QFLN01,84489,BURGHAUSEN,MARKTLER STR. 65,+49 (8677) 878762,,destQFLN01@europcar.com,C,BURGHAUSEN,Marlene Dracopoulos,BY,1,ECARQFLN01AZS01,2,,,,,,,Direct,4,,,
READY,QLGN01,84032,LANDSHUT,ALTDORFER STR 1,+49 (871) 9748270,,destQLGN01@europcar.com,C,LANDSHUT,Rene Olbert,BY,1,BBQLGN01AZS01,20,muss von Port 12 auf 20 umgesteckt werden,Switch Full/ Port 20 another Switch / Connected to FW Port4,,,,,9,,4,,
READY,RSQC01,83026,ROSENHEIM,KLEPPERSTR. 20,+49 (8031) 35970,,destRSQC01@europcar.com,C,ROSENHEIM,Robert Wagner,BY,1,ECARRSQC01AZS01,22,,Switch Full/ Was connected on Port 16,,,,,A9,16,,,
READY,WUEC01,97076,WUERZBURG,GATTINGERSTR. 5,+49 (931) 200480,,destWUEC01@europcar.com,C,WUERZBURG TILL 12AM,Michael Boenisch,BY,1,ECARWUEC01AZS01,20,,,,,,,23,20,,,
READY,ZCBC01,63739,ASCHAFFENBURG,HANAUER STR. 78,+49 (6021) 443690,,destZCBC01@europcar.com,C,ASCHAFFENBURG,Tobias Resnik,BY,1,ECARZCBC01AZS01,19+20,TSR steckt auf Port 2 und muss umgesteckt werden,Port switched 2-->19,,,,,B5,19,,,
READY,ZNQC01,85051,INGOLSTADT,MUENCHENER STR 29,+49 (8419) 66450,,destZNQC01@europcar.com,C,INGOLSTADT MONIKAVIERTEL,Franziska Pischke,BY,1,BBZNQC01AZS01,21,,,,,,,Direct,21,,,
READY,ZORN01,92637,WEIDEN,DR.-SEELING-STR. 23,+49 (961) 43234,,destZORN01@europcar.com,A,WEIDEN,Marc Donath,BY,1,ECARZORN01AZS01,6,,,,,,,A02,7,,,
NOCH NIE IDCHECKER GEHABT,ZPMC01,93053,REGENSBURG,BAJUWARENSTR. 2,+49 (941) 799680,,destZPMC01@europcar.com,C,REGENSBURG,Florin Croitoru,BY,0,ECARZPMC01AZS01,23,,,,,,,,,,,
READY / FLICKERING / ERSATZ,BREC01,28195,BREMEN,BREITENWEG 32,+49 (421) 173510,,destBREC01@europcar.com,C,BREMEN TILL 12AM *NO TRUCKS*,Thomas Nabow,HB,1,ECARBREC01AZS01,24,Port24 Belegt --> Jetzt Port25,,,,,,B9,25,,,
READY,BREN25,28197,BREMEN,LUDWIG ERHARD STR 45,+49 (421) 5350980,,destBREN25@europcar.com,CSS,BREMEN VAN TRUCK CARS IKC,Thorsten Buschmann,HB,1,ECARBREN25AZS01,6,ok,,47944771453,201820 00656,,,,,,,
READY,BRET01,28199,BREMEN,FLUGHAFENALLEE 29,+49 (421) 557440,,destBRET01@europcar.com,C,BREMEN   AIRPORT -IKC-,Malte Kuehl,HB,1,ECARBRET01AZZ01,14,ok,,,,,,,,,,
READY / FLICKERING / ERSATZ,BQMC03,61348,BAD HOMBURG,HINDENBURGRING 36,+49 (6172) 37804,,destBQMC03@europcar.com,A,BAD HOMBURG,Michael Martin,HE,1,ECARBQMC03AZS01,5,ok,,,201743 00737,,,,,,,
READY,DASC01,64293,DARMSTADT NORTH,OTTO-ROEHM-STR. 53,+49 (6151) 98890,,destDASC01@europcar.com,C,DARMSTADT,Bjoern-Alexander Behnke,HE,1,ECARDASC01AZS01,11,"war zuletzt 26.03. online, Kabelproblem?",,,,,,B11,11,,,
READY,FRAC03,60327,FRANKFURT AM MAIN,EUROPA ALLEE 6,+49 (69) 4057060,,destFRAC03@europcar.com,C,FRANKFURT AM MAIN*NO TRUCKS*,Patrick Enders,HE,1,Switch voll,,,Switch Full -->MX Port 8,,,,,A3,,8,,
READY / FLICKERING / ERSATZ,FRAE02,60314,FRANKFURT AM MAIN,HANAUER LANDSTR. 334,+49 (69) 9421560,,destFRAE02@europcar.com,C,FRANKFURT 24H OPEN EAST -IKC-,Elena Karagiorgou,HE,1,ECARFRAE02AZS01,14,,,426255253,201737 01601,,,A24,14,,,
READY,FRAL01,60329,FRANKFURT AM MAIN,IM HAUPTBAHNHOF 1,+49 (69) 2429810,,destFRAL01@europcar.com,CRR,FRANKFURT  MAINSTATION -IKC-,Patrick Enders,HE,1,ECARFRAL01AZS01,6,"Switch voll, TC an Port 6 auf MX umstecken",MX Port6 from Netgear SW Port5,,,,,5,,6,,
READY / FLICKERING / ERSATZ,FRAT01,60549,FRANKFURT AM MAIN,"AIRPORT CITY MALL, BEREICH A",+49 (69) 697970,,destFRAT01@europcar.com,CAP,FRANKFURT AP 24H OPEN T1  -IKC-,Erdal Kasarca,HE,4,"ECARFRAT01BZS02, ECARFRAT01BZS01","18, 19 + 20, 13",,,,,,,,,,,
READY,FRAN05,61169,FRIEDBERG,KAISERSTR. 156,+49 (6031) 169816,,destFRAN05@europcar.com,A,FRIEDBERG NO TRUCKS,Michael Martin,HE,1,ECARFRAN05AZS02,7,ok,,,,,,Direkt,7,,,
READY / FLICKERING / ERSATZ,FRAW01,60486,FRANKFURT AM MAIN,LUDWIG LANDMANN STR 399,+49 (69) 9706410,,destFRAW01@europcar.com,C,FRANKFURT  WEST -IKC-,Chafik El Makhfi,HE,1,ECARFRAW01AZS01,17,muss umgesteckt werden,,,,,,20,17,,,
KEIN IDCHECKER,GJHC01,36037,FULDA,PETERSBERGER STR. 42,+49 (661) 70106,,destGJHC01@europcar.com,A,FULDA,Manfred Ziegler,HE,1,Switch voll,,,Kein ID Checker vorhanden. Muss geklärt werden,,,,,,,,,
READY,HNUC03,63450,HANAU,AUHEIMER STR. 2,+49 (6181) 99540,,destHNUC03@europcar.com,A,HANAU,Nina Boehm,HE,1,ECARHNUC03AZS01,2,,,,,,,A17/19,2,,,
READY,KSFC01,34123,KASSEL,LEIPZIGER STR. 65-71,+49 (561) 500570,,destKSFC01@europcar.com,C,KASSEL,Tanja Lauterbach,HE,1,ECARKSFC01AZS01,44,,,,,,,A9,44,,,
READY,NWBW02,63225,LANGEN,AMPERESTR. 7-11,+49 (6103) 74663,,destNWBW02@europcar.com,A,LANGEN,Konar GbR,HE,1,Switch voll,,,,,,,,Direct,,,,
READY,OFEC01,63069,OFFENBACH,SPRENDLINGER LANDSTR. 173 a,+49 (69) 8500070,,destOFEC01@europcar.com,C,OFFENBACH / MAIN,Corey Bruzdziak,HE,1,ECAROFEC01AZS01,20,TSR steckt am Router MX und muss umgesteckt werden,,49073505053,201737 01605,,,A3,20,,,
READY,QLHC01,65451,KELSTERBACH,KLEINER KORNWEG 2-4,+49 (6107) 79010,,destQLHC01@europcar.com,CSS,KELSTERBACH VAN & TRUCK CARS,Stephan Hach,HE,1,ECARFRAC99AZS01,44,ok,,,201737 01586,,,5/18,44,,,
READY,UWEC01,65189,WIESBADEN,MAINZER STR. 96,+49 (611) 186330,,destUWEC01@europcar.com,C,WIESBADEN,Frank Loeffler,HE,1,ECARUWEC01AZS01,3,ok,,,,,,A9,,,,
READY,ZOIC01,35039,MARBURG,AFFOELLERSTR. 82,+49 (6421) 489020,,destZOIC01@europcar.com,A,MARBURG,Michael Halfpap,HE,1,ECARZOIC01AZS01,1,ok,,,,,,,,,,
READY,ZPSC01,65428,RUESSELSHEIM,STAHLSTR. 18,+49 (6142) 603490,,destZPSC01@europcar.com,C,RUESSELSHEIM,Nicole Engel,HE,1,ECARZPSC01AZS03,6,,,,,,,14,2,,,
READY,ZQYC01,35394,GIESSEN,SCHIFFENBERGER WEG  120,+49 (641) 969870,,destZQYC01@europcar.com,A,GIESSEN,M. Halfpap GmbH,HE,1,ECARZQYC01AZS01,6,TSR steckt am MX Router und muss umgesteckt werden,Umgesteckt von MX auf SW06,,,,,,,,,
READY,HAMC03,22041,HAMBURG,BRAUHAUSSTR. 24-28,+49 (40) 52605850,,destHAMC03@europcar.com,C,HAMBURG WANDSBEK TILL 12AM -IKC-,Franziska Hartung,HH,1,ECARHAMC03AZS01,3,ok,,12823580153,201737 01593,,,A9,3,,,
READY,HAML01,20099,HAMBURG,HEIDI-KABEL-PLATZ 10,+49 (40) 335941,,destHAML01@europcar.com,CRR,HAMBURG  MAINSTATION,Rui Mendes,HH,1,ECARHAML01AZS01,14,,"Umzug Bahnhof am 1.7.25 - BAUMEISTER STR. 15, jetzt HAMC01",16064464053,201734 01574,,,A7,14,,,
READY / ERSATZ,HAMN25,22761,HAMBURG,BORNKAMPSWEG 60,+49 (40) 30682670,,destHAMW01@europcar.com,CSS,HAMBURG VAN TRUCK CARS IKC,Martin Gebser,HH,1,ECARHAMN25AZS01,30,,,,,,,,,,,
READY,HAMS01,21077,HAMBURG,WINSENER STR. 210,+49 (40) 7661330,,destHAMS01@europcar.com,C,HAMBURG  SOUTH HARBURG -IKC-,Rui Mendes,HH,1,ECARHAMS01ZS02,3,,Externer Netgear Switch an Cisco Switch,,,,,B12,6,7,,
READY,HAMS25,20537,HAMBURG,SUEDERSTR. 185,+49 (40) 526058506,,destHAMS25@europcar.com,C,HAMBURG HAMMERBROOK IKC,Franziska Hartung,HH,1,ECARHAMS25AZS01,12,ok,,,,,,A6,12,,,
READY,HAMT01,22335,HAMBURG,FLUGHAFENSTR. 1,+49 (40) 5002170,,destHAMT01@europcar.com,CAP,HAMBURG AIRPORT -IKC-,Wahb Yaqoob,HH,3,ECARHAMT01AZS01,"9, 11, 13","nein (9+13), ja (11)",01--> PP.B1-->SW17 | Namechange on tablets needed,,,,,,,,,
READY,NEBC01,17033,NEUBRANDENBURG,AM GUETERBAHNHOF 5,+49 (395) 430390,,destNEBC01@europcar.com,C,NEUBRANDENBURG,Arite Arndt,MV,1,ECARNEBC01AZS01,4,TSR steckt am Router MX und muss umgesteckt werden,,,,,,,,,,
READY,RSOC01,18057,ROSTOCK,WARNOWUFER 32,+49 (381) 203050,,destRSOC01@europcar.com,C,ROSTOCK,Denny Schultz,MV,1,ECARRSOC01AZS01,42,,,,,,,,,,,
READY,SZWC02,19057,SCHWERIN LANKOW,GREVESMUEHLENER STR 18 F,+49 (385) 485180,,destSZWC02@europcar.com,C,SCHWERIN,Denny Schultz,MV,1,ECARSZWC02AZS01,2,,,,,,,,,,,
READY,ZGWC01,17489,GREIFSWALD,AN DEN BAECKERWIESEN 1,+49 (3834) 500600,,destZGWC01@europcar.com,A,GREIFSWALD,Katrin Rost,MV,1,Switch voll,,,"Switch full, no other switch available",,,,,,,4,,
READY / FLICKERING / ERSATZ,BREW03,27751,DELMENHORST,NIEDERSACHSENDAMM 2,+49 (4221) 60553,,destBREW03@europcar.com,A,DELMENHORST,Ferhat Yalcin,NI,1,ECARBREW03AZS01,6,ok,,,,,,,,,,
READY,BWEC01,38102,BRAUNSCHWEIG,BERLINER PLATZ 1C,+49 (531) 244980,,destBWEC01@europcar.com,C,BRAUNSCHWEIG,Jan Dannemann,NI,1,ECARBWEC01AZS01,23,,,47455371453,201737 01554,,,B6,23,,,
READY,EMEC03,26723,EMDEN,BUTJADINGER STR 2,+49 (4921) 26820,,destEMEC03@europcar.com,A,EMDEN OSTFRIESLAND FROM 01.02.25,Miriam Heydemann,NI,1,ECAREMEC03AZS01,1,,,,,,,Direct,6,,,
READY,FMOE01,49084,OSNABRUECK,MINDENER STR 234,+49 (541) 338460,,destFMOE01@europcar.com,C,OSNABRUECK,Colin Larkin,NI,1,BBFMOE01AZS01,12,ok,,,,,,Direct,12,,,
READY,HAJC01,30519,HANNOVER,HEUERSTR 5,+49 (511) 8486490,,destHAJC01@europcar.com,CSS,HANNOVER VAN & TRUCK CARS IKC,Sean Paisley,NI,1,BBHAJC01AZS01,14,,,37911781553,201734 00758,,,1.14,14,,,
READY,HAJL01,30159,HANNOVER,ERNST-AUGUST-PLATZ 1,+49 (511) 3632993,,destHAJL01@europcar.com,CRR,HANOVER  MAINSTATION -IKC-,Jane Plachetta,NI,1,Switch voll,,,,,,,,,,,,
READY,HAJN01,30165,HANNOVER,VAHRENWALDER STR. 197,+49 (511) 358660,,destHAJN01@europcar.com,C,HANOVER NORTH TILL 12AM -IKC-,Daniel-Alexander Schulz,NI,1,ECARHAJN01AZS01,2,,IT-Rack covered with wood. Access Impossible,640470153,201737 01606,,,D8,2,,,
READY,HAJT01,30855,LANGENHAGEN,FLUGHAFENSTR. 4,+49 (511) 726110,,destHAJT01@europcar.com,CAP,HANOVER AIRPORT -IKC-,Detlef Sisolefsky,NI,2,ECARHAJT01AZS01,25 + 26,ja (26) nein (25),,47480571453,201840 00031,,,01->Port 24,25,,02-->Port B1,26
!!!!,LEYC01,26789,LEER,ZOOSTR 1,+49 (491) 64414,,destLEYC01@europcar.com,A,LEER,Wilfried De Vries,NI,1,ECARLEYC01AZS01,6,,,,,,,,,,,
READY,OENC01,26122,OLDENBURG / OLDENBURG,MOSLESTR. 74,+49 (441) 926800,,destOENC01@europcar.com,C,OLDENBURG/OLDENBURG,Georg Gardewin,NI,1,ECAROENC01ZS01,10,,,,,,,,,,,
READY,ZEUC01,37081,GOETTINGEN,GRONER LANDSTR. 27,+49 (551) 547190,,destZEUC01@europcar.com,A,GOETTINGEN,Rene Grimm,NI,1,Switch voll,,TSR steckt am Router MX (Port 6) und muss mit TC an Switch Port 5 getauscht werden ,,,,,,A7,5,,,
KEIN IDCHECKER,ZNOC02,31135,HILDESHEIM,PORSCHESTR 2,+49 (5121) 14767,,destZNOC02@europcar.com,A,HILDESHEIM,GETECT Eng. GmbH,NI,1,kein Switch vorhanden,,,No ID-Checker / Cable prepared,,,,,,,,,
READY,ZQUC01,38446,WOLFSBURG,DIESELSTR. 19,+49 (5361) 81570,,destZQUC01@europcar.com,C,WOLFSBURG,Marcel Kirschner,NI,1,ECARZQUC01AZS01,43,TSR steckt am PO Switch und muss umgesteckt werden,Port Switeched to 43,,,,,C3,43,,,
READY,AAHC01,52070,AACHEN,JUELICHER STR. 340,+49 (241) 958150,,destAAHC01@europcar.com,C,AACHEN -IKC-,Sellam Duenow,NW,1,ECARAAHC01AZS01,23,ok,,,,,,B1,23,,,
READY,BCOC01,46414,RHEDE,DAENNENDIEK 21,+49 (2872) 980277,,destBCOC01@europcar.com,A,RHEDE BOCHOLT,Angelika Siegert,NW,1,ECARBCOC01AZS01,7,,,,,,,,,,,
READY,BFEC01,33609,BIELEFELD,ECKENDORFER STR. 34,+49 (521) 529940,,destBFEC01@europcar.com,C,BIELEFELD,Markus Aktan,NW,1,ECARBFEC01AZS01,13,ok,,,,,,A12,13,,,
READY,BPEC01,53604,BAD HONNEF,HAUPTSTR. 102,+49 (2224) 72222,,destBPEC01@europcar.com,A,BAD HONNEF,Juergen Lemke,NW,1,ECARBPEC01AZS01,7,,,,,,,,,,,
READY,BXPC01,46242,BOTTROP,ESSENER STR. 155,+49 (2041) 28855,,destBXPC01@europcar.com,A,BOTTROP NEARBY MAINSTATION,Ralf Pauschert,NW,1,Switch voll,,,,,,,,Direct,,,,
READY,CGNE01,50679,KOELN,WILLY-BRANDT-PLATZ 2,+49 (221) 9810390,,destCGNE01@europcar.com,C,COLOGNE DEUTZ 24H OPEN -IKC-,Tomislav Grubisic,NW,1,ECARCGNE01AZS01,15,ok,,,,,,,,,,
READY,CGNE04,51067,KOELN,BERGISCH GLADBACHER STR. 696,+49 (221) 639900,,destCGNE04@europcar.com,A,COLOGNE  HOLWEIDE,Arslan und Oezoglan GbR,NW,1,ECARCGNE04AZS01,7,,,,,,,,,,,
READY,CGNL01,50667,KOELN,TRANKGASSE 11,+49 (221) 1392748,,destCGNL01@europcar.com,CRR,COLOGNE  MAINSTATION -IKC-,Christian Steuernagel,NW,1,Switch voll,,,,,,,,2,3,,,
READY,CGNN01,50739,KOELN,ROBERT-PERTHEL-STR. 28,+49 (221) 9584410,,destCGNN01@europcar.com,CSS,COLOGNE VAN & TRUCK CARS IKC,Filippo Zammitto,NW,1,ECARCGNN01AZS01,24,,,,,,,B3,24,,,
READY,CGNS01,50968,KOELN,KOBLENZER STR 1 9,+49 (2219) 347870,,destCGNS01@europcar.com,C,COLOGNE SOUTH IKC,Elvir Egrlic,NW,1,ECARCGNS01AZS02,2,,,,,,,A04,2,,,
READY,CGNW02,50825,KOELN,WIDDERSDORFER STR. 209,+49 (2213) 106350,,destCGNW02@europcar.com,C,COLOGNE EHRENFELD TILL 10PM -IKC-,Cem Inoenlue,NW,1,ECARCGNW02AZS01,9,,,,,,,B20,,,,
READY,CGNW04,50226,FRECHEN,EUROPAALLEE 115,+49 (2234) 15407,,destCGNW04@europcar.com,A,FRECHEN,Wolfgang Quaiser,NW,1,ECARCGNW03AZS01,12,,,,,,,,,,,
READY,DTMC01,44149,DORTMUND,SPICHERNER STR. 67,+49 (231) 9172130,,destDTMC01@europcar.com,C,DORTMUND   WEST -IKC-,Nedjat Tahiri,NW,1,ECARDTMC01AZS01,15,"steckt derzeit am Router, muss umgesteckt werden",TABLET DEFEKT / DISPLAY /UMGETAUSCHT,,,,,C17,15,,,
READY,DTMN01,44145,DORTMUND,EVINGERSTR 70,+49 (231) 5893686,,destDTMN01@europcar.com,C,DORTMUND NORTH -IKC-,Burkhard Kugelmeier,NW,1,BBDTMN01AZS01,20,"steckt am falschen Switch-Port, muss umgesteckt werden",,,,,,1.8,20,,,
READY,DTMN25,44143,DORTMUND,HANNOEVERSCHE STR. 107,+49 (231) 91721380,,destDTMN25@europcar.com,CSS,DORTMUND VAN TRUCK CARS IKC,Roland Brieskorn,NW,1,ECARDTMN25AZS01,4,,,,,,,A6,4,,,
READY,DTMT01,44319,DORTMUND,FLUGHAFENRING 1,+49 (231) 9271140,,destDTMt01@europcar.com,C,DORTMUND   AIRPORT,Eckhard Krautzun,NW,1,ECARDTMT01AZS01,37,ok,,,,,,A23,37,,,
READY,DUIC02,47051,DUISBURG,MAINSTR. 19,+49 (203) 335096,,destDUIC02@europcar.com,A,DUISBURG NEARBY MAINSTATION,Ralf Pauschert,NW,1,ECARDUIC02AZS01,1,,,,,,,Direct,1,,,
READY,DUSC01,40210,DUESSELDORF,BISMARCKSTR. 95,+49 (211) 173810,,destDUSC01@europcar.com,C,DUSSELDORF CITY-IKC*NO TRUCK RETURN,Patrick Fabelje,NW,1,ECARDUSC01AZS01,16,ok,,,,,,,,,,
READY,DUSN01,40468,DUESSELDORF,KIESHECKER WEG 141,+49 (211) 418840,,destDUSN01@europcar.com,CSS,DUSSELDORF  NORTH -IKC-,Michael Ronden,NW,1,Switch voll,,,New labled Patchcabel A5--> FW Port 10,,,,,A5,,10,,
READY,DUST01,40474,DUESSELDORF,FLUGHAFENSTR.120 ARRIVAL TERMINAL B,+49 (211) 942380,,destDUST01@europcar.com,CAP,DUSSELDORF   AIRPORT -IKC-,Hueseyin Sahin,NW,2,ECARDUST01AZS01,6 + 7,,Ports 6+7 full / Used 37,,,,,B10,37,,A13,
READY,DUSW02,52525,HEINSBERG,INDUSTRIESTR. 54,+49 (2452) 187688,,destDUSW02@europcar.com,A,HEINSBERG,Helga Kahlert,NW,1,ECARDUSW02AZS01,1,,TPLink Switch changed,,,,,,,,,
READY,DUSW03,41065,MOENCHENGLADBACH,KORSCHENBROICHER STR. 55,+49 (2161) 492870,,destDUSW03@europcar.com,C,MOENCHENGLADBACH,Markus Marschall,NW,1,ECARDUSW03AZS01,4,steckt derzeit am PO Switch und muss an den Cisco Switch Port 4,,,,,,A4,4,,,
READY,DUSW04,41812,ERKELENZ,GEWERBESTR. SUED 10,+49 (2431) 3535,,destDUSW04@europcar.com,A,ERKELENZ,Daniela Meyer,NW,1,ECARDUSW04AZS01,7,,Direct Patchcable to Switch,,,,,,,7,,
READY,DUSW07,41462,NEUSS,FURTHER STR. 3,+49 (2131) 7769560,,destDUSW05@europcar.com,C,NEUSS CENTER,Raimund Bein,NW,1,ECARDUSW05AZS01,11,ok,6LC has changed from DUSW05-->DUSW07,,,,,A18,11,,,
READY,ESSC01,45141,ESSEN,SCHUETZENBAHN 65,+49 (201) 247540,,destESSC01@europcar.com,C,ESSEN 24H-SERVICE,Tim Lieber,NW,1,ECARESSC01AZS01,15,,,,,,,A20,,,,
READY,ESSS01,45239,ESSEN,RUHRTALSTR. 101,+49 (201) 849550,,destESSS01@europcar.com,A,ESSEN SOUTH WERDEN,Laupendahler Kfz-GmbH,NW,1,ECARESSS01AZS02,3,,Printer on Port3 / 2 x 8 port Switches available,,,,,Direct,4,,,
READY,GEZC01,44793,BOCHUM,ALLEESTR. 53,+49 (234) 963030,2349630358,destGEZC01@europcar.com,C,BOCHUM,Heiko Feierabend,NW,1,ECARGEZC01AZS01,39,,,,,,,A4,39,,,
READY,GFHN01,53119,BONN,POTSDAMER PLATZ 7,+49 (228) 604340,,destGFHN01@europcar.com,C,BONN   NORTH 24H OPEN,Pedro Ferreira,NW,1,ECARGFHN01AZS01,20,ok,,,,,,D4,20,,,
READY,GFHS01,53177,BONN,KOBLENZER STR. 171,+49 (228) 333720,,destGFHS01@europcar.com,A,BONN  SOUTH BAD GODESBERG -IKC-,Willi Suelzen GmbH & Co. KG,NW,1,Switch voll,,,,,,,,,,,,
READY,GKCC01,58095,HAGEN,ELBERFELDER STR. 90,+49 (2331) 34680,,destGKCC01@europcar.com,C,HAGEN,Anja Pfeifer,NW,1,ECARGKCC01AZS01,14,ok,"ID Checker mitgenommen, Neuversand bei Wiedereröffnung BP",,,,,A11,14,,,
READY,GMJC01,51645,GUMMERSBACH,GUMMERSBACHER STR. 70,+49 (2261) 60320,,destGMJC01@europcar.com,C,GUMMERSBACH,Oliver Schwarz,NW,1,Switch voll,,,,,,,,7,,9,,
READY,ISEW02,58642,ISERLOHN LETMATHE,HAGENER STR. 162,+49 (2374) 3233,,destISEW02@europcar.com,A,ISERLOHN WEST LETMATHE,Alaca GmbH,NW,1,ECARISEW02AZS01,3,,,,,,,Direct,3,,,
READY,LVEC02,51373,LEVERKUSEN WIESDORF,CARL-DUISBERG-STR. 101,+49 (214) 870933,,destLVEC02@europcar.com,A,LEVERKUSEN  WIESDORF -IKC-,Arslan und Oezoglan GbR,NW,1,ECARLVEC02AZS01,14,,Cisco 8-Port Switch on Port 6,,,,,,6,,,
READY,MSRC01,48153,MUENSTER,MUENSTERMANNWEG 14,+49 (251) 777730,,destMSRC01@europcar.com,C,MUENSTER,Vanessa Kohlmann,NW,1,ECARMSRC01AZS01,11,"steckt am Router MX, muss umgesteckt werden",,,,,,A17,11,,,
READY,OBRC01,46149,OBERHAUSEN,BUSCHHAUSENER STR. 185,+49 (208) 823480,,destOBRC01@europcar.com,C,OBERHAUSEN,Tobias Friske,NW,1,ECAROBRC01AZS01,16,,,,,,,B06,16,,,
READY,PADC02,33102,PADERBORN,ELSENER STR. 50-52,+49 (5251) 180810,,destPADC02@europcar.com,C,PADERBORN,Nicole Weis,NW,1,ECARPADC02AZS01,14,,,,,,,A7,14,,,
READY,QBON03,45661,RECKLINGHAUSEN,DIESELSTR 9,+49 (2361) 9064620,,destQBON03@europcar.com,A,RECKLINGHAUSEN,Alaca GmbH,NW,1,BBQBON03AZS01,20,,,,,,,Direct,20,,,
READY,QBON04,44628,HERNE,CASTROPER STR 7,+49 (2323) 51177,,destQBON04@europcar.com,A,HERNE NO TRUCKS,ALACA GmbH,NW,1,ECARQBON04AZS01,2,TSR steckt am Router MX (Port3) und muss mit dem TC getauscht werden.,,,,,,,,,,
READY,QBOS01,45525,HATTINGEN,BRUCHSTR. 37,+49 (2324) 24817,,destQBOS01@europcar.com,A,HATTINGEN/RUHR,Quang Hien Pham,NW,1,ECARQBOS01AZS01,4,,,,,,,Direct,4,,,
READY / FLICKERING / ERSATZ / ERLEDIGT,QKFC03,47799,KREFELD,UERDINGER STR. 72-74,+49 (2151) 81800,,destQKFC03@europcar.com,A,KREFELD NO TRUCKS,Rene Lortz & Dirk Ulrich GbR,NW,1,ECARQKFC03AZS01,12,,,,,,,A4,12,,,
READY,RTJC01,40878,RATINGEN,SANDSTR. 65,+49 (2102) 470686,,destRTJC01@europcar.com,A,RATINGEN,Gwiasda Fahrzeugvermietungs - und Handelsgesellschaft mbH,NW,1,Switch voll,,,"Switch Full, No spare Switch",,,,,A9,,3,,
READY,SGEC01,57072,SIEGEN,SANDSTR. 147,+49 (271) 489800,,destSGEC01@europcar.com,C,SIEGEN,Boris Klaas,NW,1,ECARSGEC01AZS01,19,,,,,,,B8,19,,,
READY,UWPC04,42285,WUPPERTAL,CLAUSENSTR 32,+49 (202) 248130,,destUWPC04@europcar.com,A,WUPPERTAL,FINALE MOBILITAET GMBH,NW,1,ECARUWPC04ZS01,27,,Port Labeling in Rack completely wrong,,,,,10,27,,,
READY,UWPS02,42653,SOLINGEN,SCHLAGBAUMER STR. 14-16,+49 (212) 252140,,destUWPS02@europcar.com,A,SOLINGEN,Maik Baumeister,NW,1,ECARUWPS02AZS01,5,,,,,,,Direct,,,,
READY,ZCKC02,50321,BRUEHL,RHEINSTR. 209,+49 (2232) 566819,,destZCKC02@europcar.com,A,BRUEHL,Lahbib Rabhioui,NW,1,ECARZCKC02ZS01,3,,,,,,,12,3,,,
READY,ZEDC02,53879,EUSKIRCHEN,EIFELRING 45 49,+49 (2251) 866140,,destZEDC02@europcar.com,A,EUSKIRCHEN,Thomas Schneider,NW,1,ECARZEDC02AZS01,1,,,,,,,,,,,
READY,ZNTC02,50170,KERPEN SINDORF,DIESELSTR. 17,+49 (2273) 570369,,destZNTC02@europcar.com,A,KERPEN SINDORF,Christoph Graeser,NW,1,Switch voll,,,"Switch Full, Connected to FW Port1",,,,,P1.1,,1,,
READY,ZOCC01,58507,LUEDENSCHEID,LENNESTR 92,+49 (2351) 432340,,destZOCC01@europcar.com,A,LUEDENSCHEID NO TRUCKS,Florian Thomas Gabel,NW,1,ECARZOCC01AZS01,2,,,,,,,,,,,
READY,ZOHC01,44536,LUENEN,DORTMUNDER STR. 39,+49 (2306) 6054,,destZOHC01@europcar.com,A,LUENEN NO TRUCKS,Daniel Schwenkert,NW,1,Switch voll,,,,,,,,,,,,
READY,ZOMC03,32423,MINDEN,POTSDAMER STR 7,+49 (571) 837050,,destZOMC03@europcar.com,A,MINDEN,Jofyn GmbH Sandner + Figura,NW,1,ECARZOMC03AZS02,1,,,,,,,,,,,
READY,ZOON01,45468,MUELHEIM AN DER RUHR,DICKSWALL 60,+49 (208) 308070,,destZOON01@europcar.com,A,MUELHEIM / RUHR,Yaman Brothers GmbH,NW,1,ECARZOON01AZS02,5,,,,,,,Direct,5,,,
READY,ZPNC02,42853,REMSCHEID,FREIHEITSTR. 14-18,+49 (2191) 49380,,destZPNC02@europcar.com,A,REMSCHEID NO TRUCKS,Hekubar GmbH,NW,1,ECARZPNC02AZS01,4,,,,,,,Direct,4,,,
READY,ZPYC02,53757,SANKT AUGUSTIN,EINSTEINSTR 10,+49 (2241) 938370,,destZPYC02@europcar.com,A,SANKT AUGUSTIN,Thomas Schneider,NW,1,ECARZPYC02AZS01,8,,,,,,,19,8,,,
READY,ZQEC01,52222,STOLBERG,ESCHWEILERSTR. 133,+49 (2402) 23232,,destZQEC01@europcar.com,A,STOLBERG,Holger Ziesche,NW,1,ECARZQEC01AZS01,6,,"No free Sockets, TPLink miniSwitch used",,,,,,,,,
READY,ZQPW02,47533,KLEVE,TICHELSTR. 14,+49 (2821) 26740,,destZQPW02@europcar.com,A,KLEVE NO TRUCKS,Rene Lortz & Dirk Ulrich GbR,NW,1,ECARZQPW02AZS01,5,,,,,,,Direct,5,,,
READY,HHNT01,55483,HAHN-FLUGHAFEN,TERMINAL - CAR RENTAL CENTER,+49 (6543) 8734995,,destHHNT01@europcar.com,C,HAHN AIRPORT,Mirko Franken,RP,1,Switch voll,,,,,,,,3,,9,,
READY / NEUEN SCANNER + USB-HUB SENDEN,KLTC01,67663,KAISERSLAUTERN,PARISER STR. 200,+49 (631) 371200,,destKLTC01@europcar.com,C,KAISERSLAUTERN,Heinz Degen,RP,1,ECARKLTC01ZS01,25,muss von Port 35 auf Port 25 umgesteckt werden,,,,,,C2,25,,,
READY,KLTS04,76829,LANDAU,QUEICHHEIMER HAUPTSTR 249,+49 (6341) 649114,,destKLTS04@europcar.com,C,LANDAU,Dominik Schmid,RP,1,Switch voll,,könnte aber am PO Switch angesteckt werden,,,,,,Direct,,6,,
READY,LWFC01,67059,LUDWIGSHAFEN,ROHRLACHSTR. 110,+49 (6215) 91550,,destLWFC01@europcar.com,C,LUDWIGSHAFEN,Janine Stich,RP,1,ECARLWFC01AZS01,11,,,,,,,A8,11,,,
READY,QMZC01,55120,MAINZ,RHEINALLEE 104,+49 (6131) 913500,,destQMZC01@europcar.com,C,MAINZ,Felix Niederberger,RP,1,ECARQMZC01AZS01,2,,,,,,,A6,2,,,
READY,QMZS01,55543,BAD KREUZNACH,BOSENHEIMER STR 284,+49 (671) 886820,,destQMZS01@europcar.com,C,BAD KREUZNACH,Bernd Gaens,RP,1,BBQMZS01AZS01,20,,,,,,,,,,,
READY,RMSC01,66877,RAMSTEIN,KINDSBACHER STR. 47,+49 (6371) 8024604,,destRMSC01@europcar.com,C,RAMSTEIN,Jenny Bollini,RP,1,ECARRMSC01AZS01,18,,,,,,,Direct,4,,,
READY,SPMS01,54295,TRIER,SCHOENBORNSTR. 18A,+49 (651) 146540,,destSPMS01@europcar.com,C,TRIER -IKC-,CAROLIN KOEHLER,RP,1,BBSPMS01AZS01,11,,,,,,,Direct,11,,,
READY,ZNVC01,56070,KOBLENZ,ANDERNACHER STR. 199,+49 (261) 889180,,destZNVC01@europcar.com,C,KOBLENZ,Holger Albracht,RP,1,ECARZNVC01AZS01,27,TSR steckt am MX auf Port 4 und muss umgesteckt werden,,,,,,C1,27,,,
READY,EUMC03,24536,NEUMUENSTER,KIELER STR. 203,+49 (4321) 93790,,destEUMC03@europcar.com,A,NEUMUENSTER,Autovermietung Itzehoe GmbH,SH,1,ECAREUMC03AZS01,1,,,47891671453,201743 00744,,,,,,,
READY,EUMC04,25524,ITZEHOE,POTTHOFSTR. 1A,+49 (4821) 734686,,desteumc04@europcar.com,A,ITZEHOE,Autovermietung Itzehoe GmbH,SH,1,Switch voll,,,"Switch Full, Lan Cable for new Switch is prepared",,,,,,,,,
READY,FLFC01,24941,FLENSBURG,ZUR BLEICHE 51,+49 (461) 902900,,destFLFC01@europcar.com,C,FLENSBURG,Nicole Hintze,SH,1,ECARFLFC01AZS01,13,,,,201738 00990,,,B5,13,,,
READY,KELC01,24113,KIEL,STORMARNSTR. 41,+49 (431) 661770,,destKELC01@europcar.com,C,KIEL,Sonja-Katrin Westphal,SH,1,ECARKELC01AZS01,16,,,50165454853,201737 01608,,,P1-5,16,,,
READY,LBCC01,23554,LUEBECK,FACKENBURGER ALLEE 32 A - 38,+49 (451) 484160,,destLBCC01@europcar.com,C,LUEBECK,Roland Rojko,SH,1,ECARLBCC01BZS01,14,,,,,,,A14,,,,
READY,ZOVC02,22850,NORDERSTEDT,SEGEBERGER CHAUSSEE 3,+49 (40) 5298670,,destzovc02@europcar.com,C,NORDERSTEDT ,Hussein Salum Dienstleistungen,SH,1,ECARNHBC01AZS01,17,steckt am PO Switch und muss umgesteckt werden.  Settings auf Port 17 geändert,Port 16 not free,,,,,A2,17,,,
READY,SCNC01,66121,SAARBRUECKEN,MAINZER STR. 152-154,+49 (681) 967540,,destSCNC01@europcar.com,C,SAARBRUECKEN,Sascha Schneider,SL,1,ECARSCNC01AZS01,14,,Switch Full -->FW Port7,,,,,22,,7,,
READY,ZQWN01,66424,HOMBURG,BERLINER STR 130,+49 (6841) 2008,,destZQWN01@europcar.com,C,HOMBURG / SAAR,Bernd Stephan,SL,1,BBZQWN01AZS01,20,ok,,,,,,1#11#2,,,,
READY,BPZC01,2625,BAUTZEN,DRESDENER STR. 88 B,+49 (3591) 529530,,destBPZC01@europcar.com,A,BAUTZEN,Henry Hein,SN,1,ECARBPZC01AZS01,2,jetzt online,,,,,,,,,,
READY,CHWC01,9116,CHEMNITZ,NEEFESTR. 149,+49 (371) 281310,,destCHWC01@europcar.com,C,CHEMNITZ TILL 12AM,Sebastian Bonitz,SN,1,ECARCHWC01AZS01,15,,,,,,,,,,,
READY,DRSC02,1069,DRESDEN,STREHLENER STR. 5,+49 (351) 877320,,destDRSC02@europcar.com,C,DRESDEN  CITY  NO TRUCKS,Martin Heymann,SN,1,ECARDRSC02AZS01,6,,,,,,,,,,,
READY/CLOSED,DRSN01,1097,DRESDEN,SCHLESISCHER PLATZ 1,+49 (351) 828240,,destDRSN01@europcar.com,C,DRESDEN  NEUSTAEDTER BAHNHOF,Mario Weber,SN,1,ECARDRSN01AZS01,18,,Station schließt,,,,,,,,,
READY,DRSN25,1239,DRESDEN,HAUBOLDSTR. 5-7,+49 (351) 8282400,,destDRSN25@europcar.com,CSS,DRESDEN VAN TRUCKS CARS,Pia Schaale,SN,1,ECARDRSN25AZS01,14,ok,,,,,,,,,,
READY,DRST01,1109,DRESDEN,WILHELMINE-REICHARD-RING 1,+49 (351) 89732971,,destDRST01@europcar.com,C,DRESDEN AIRPORT TILL 12AM -IKC-,Mario Weber,SN,1,ECARDRST01AZS01,19,,,,,,,,,,,
READY / FLICKERING / ERSATZ / ERLEDIGT,LEJC01,4179,LEIPZIG,LUETZNER STR. 179,+49 (341) 904440,,destLEJC01@europcar.com,CSS,LEIPZIG VAN & TRUCK CARS IKC,Jens Kraehe,SN,1,ECARLEJC01AZS01,18,ok,,,,,,,,,,
READY,LEJC02,4103,LEIPZIG,SACHSENSEITE 3,+49 (341) 141160,,destLEJC02@europcar.com,C,LEIPZIG CITY *NO TRUCKS* -IKC-,Matthias Heinemann-Kruschinski,SN,1,ECARLEJC02AZS01,5,,,,,,,,,,,
READY/CLOSED,LEJT01,4435,SCHKEUDITZ,TERMINALRING 13,+49 (34204) 7700,,destLEJT01@europcar.com,C,LEIPZIG   AIRPORT -IKC-,Matthias Heinemann-Kruschinski,SN,1,ECARLEJT01AZS01,15,,,,,,,,,,,
READY,ZTZE02,9599,FREIBERG / SACHSEN,ANTON-GUENTHER-STR. 1 B,+49 (3731) 22980,,destZTZE02@europcar.com,A,FREIBERG/SACHSEN,Hanka Schubert,SN,1,ECARZTZE02AZS01,7,,Polycom Fax Wandler an Port 7 / IDChecker an Port 3,,,,,,,,,
READY,ZWIC01,8056,ZWICKAU,OSKAR-ARNOLD-STR. 10,+49 (375) 277340,,destZWIC01@europcar.com,C,ZWICKAU,Robby Mohnhaupt,SN,1,ECARZWIC01AZS01,18,,,,,,,,,,,
READY / FLICKERING / NEUES TABLET SENDEN,MQGC01,39124,MAGDEBURG,LUEBECKER STR. 85,+49 (391) 280800,,destMQGC01@europcar.com,C,MAGDEBURG TILL 10PM,Jan Dannemann,ST,1,ECARMQGC01AZS01,23,ok,,,201734 00760,,,A15,23,,,
READY,TXSC01,6712,ZEITZ,BAENSCHSTR. 4-7,+49 (3441) 713839,,destTXSC01@europcar.com,A,ZEITZ *NO TRUCKS*,Falk Heiland GmbH,ST,1,ECARTXSC01AZS01,6,,,,,,,,,,,
READY,ZHZC01,6112,HALLE SAALE,GRENZSTR 17,+49 (345) 566630,,destZHZC01@europcar.com,A,HALLE SAALE,Rene Grimm,ST,1,ECARZHZC01AZS01,23,,,,,,,,,,,
READY,ZSUC03,6844,DESSAU,ELISABETHSTR 40,+49 (340) 850700,,destzsuc03@europcar.com,A,DESSAU,Mobily GmbH,ST,1,ECARZSUC03AZS01,6,,,,,,,,,,,
READY,ERFC01,99099,ERFURT,WEIMARISCHE STR. 32,+49 (361) 778130,,destERFC01@europcar.com,C,ERFURT,Frances Pietsch,TH,1,ECARERFC01AZS02,7,,,,,,,,,,,
READY,HQTC01,7548,GERA,LEIBNIZSTR. 74,+49 (365) 823390,,destHQTC01@europcar.com,C,GERA,Tanja Lauterbach,TH,1,ECARHQTC01AZS01,21,,,,,,,,,,,
READY,FRAT02,60549,FRANKFURT AM MAIN,"TERMINAL 2, LEVEL 2, HALLE D",,,destFRAT01@europcar.com,,FRANKFURT AP T2 ,Erdal Kasarca,,1,ECARFRAT02AZS01,19,,"No Tablet Available, Used Spare Tablet. Just Scanner Available",,,,,A11,,,,
READY,ZQPC02,46485,WESEL,CLARENBACHSTR. 7,49281338482,,destZQPC02@europcar.com,A,,,,1,ECARZQPC02AZS01,1,,,,,,,,,,,
NEU / KOMPLETTSET VERSCHICKEN,BWEN02,38112,BRAUNSCHWEIG,SCHMALBACHSTR. 1,0531-24498325,,destBWEN02@europcar.com,C,Braunschweig Nord,Kevin Schneider,,1,kein Switch vorhanden,,,,,,,,,,,,
READY,QULE01,73529,Schwäbisch-Gmünd,Lorcher Str. 141,07171- 929770,,destqule01@europcar.com,C,Schwäbisch Gmünd,Rene Schwerdtfeger,,,BBQULE01AZS01,12,,,,,,,,,,,
NEU / KOMPLETTSET VERSCHICKEN,ZPFC03,94032,Passau,Haitzinger Str. 22a,0851- 7561077,,destZPFC03@europcar.com,C,Passau,Marc Ossunde,,,ECARZPFC03AZS01,7,,derzeitiges Device an Port 7 muss auf den Router Port 8 ,,,,,,,,,
Muss besucht werden,CBUS01,2977,Hoyerswerda,Spremberger Chaussee 2,03571-406353,,,,,,,,ECARCBUS01AZS01,2,,,,,,,,,,,
Teile müssen abgeholt werden,BERC03,12167,Berlin,Albrechtstr. 21a,030- 75650189,,destBERC03@europcar.com,A,Berlin Südwest Steglitz,Martin Waehl,B,,ECARBERC03AZS01,5,,,,,,,,,,,
Existierte beim Rollout nicht,BWET02,,Braunschweig AP??????,,,,,,,,,,,,,,,,,,,,,,